air_force_blue_raf,Blue,#5d8aa8,93,138,168
air_force_blue_usaf,Blue,#00308f,0,48,143
air_superiority_blue,Blue,#72a0c1,114,160,193
alabama_crimson,Red,#a32638,163,38,56
alice_blue,Blue,#f0f8ff,240,248,255
alizarin_crimson,Red,#e32636,227,38,54
alloy_orange,Orange,#c46210,196,98,16b
almond,Brown,#efdecd,239,222,205
amber,Orange,#ffbf00,255,191,0
amber_sae_ece,Orange,#ff7e00,255,126,0
american_rose,Pink,#ff033e,255,3,62
amethyst,Violet,#96c,153,102,204
android_green,Green,#a4c639,164,198,57
anti_flash_white,White,#f2f3f4,242,243,244
antique_brass,Orange,#cd9575,205,149,117
antique_fuchsia,Violet,#915c83,145,92,131
antique_ruby,Red,#841b2d,132,27,45
antique_white,Yellow,#faebd7,250,235,215
ao_english,Blue,#008000,0,128,0
apple_green,Green,#8db600,141,182,0
apricot,Orange,#fbceb1,251,206,177
aqua,Blue,#0ff,0,255,255
aquamarine,Blue,#7fffd4,127,255,212
army_green,Green,#4b5320,75,83,32
arsenic,Violet,#3b444b,59,68,75
arylide_yellow,Yellow,#e9d66b,233,214,107
ash_grey,Gray,#b2beb5,178,190,181
asparagus,Green,#87a96b,135,169,107
atomic_tangerine,Orange,#f96,255,153,102
auburn,Red,#a52a2a,165,42,42
aureolin,Yellow,#fdee00,253,238,0
aurometalsaurus,Yellow,#6e7f80,110,127,128
avocado,Green,#568203,86,130,3
azure,Blue,#007fff,0,127,255
azure_mist_web,Blue,#f0ffff,240,255,255
baby_blue,Blue,#89cff0,137,207,240
baby_blue_eyes,Blue,#a1caf1,161,202,241
baby_pink,Pink,#f4c2c2,244,194,194
ball_blue,Blue,#21abcd,33,171,205
banana_mania,Yellow,#fae7b5,250,231,181
banana_yellow,Yellow,#ffe135,255,225,53
barn_red,Red,#7c0a02,124,10,2
battleship_grey,Gray,#848482,132,132,130
bazaar,Brown,#98777b,152,119,123
beau_blue,Blue,#bcd4e6,188,212,230
beaver,Gray,#9f8170,159,129,112
beige,Brown,#f5f5dc,245,245,220
big_dip_o_ruby,Red,#9c2542,156,37,66
bisque,Orange,#ffe4c4,255,228,196
bistre,Brown,#3d2b1f,61,43,31
bittersweet,Orange,#fe6f5e,254,111,94
bittersweet_shimmer,Orange,#bf4f51,191,79,81
black,Black,#000,0,0,0
black_bean,Black,#3d0c02,61,12,2
black_leather_jacket,Black,#253529,37,53,41
black_olive,Black,#3b3c36,59,60,54
blanched_almond,Brown,#ffebcd,255,235,205
blast_off_bronze,None,#a57164,165,113,100
bleu_de_france,Blue,#318ce7,49,140,231
blizzard_blue,Blue,#ace5ee,172,229,238
blond,Blond,#faf0be,250,240,190
blue,Blue,#00f,0,0,255
blue_bell,Blue,#a2a2d0,162,162,208
blue_crayola,Blue,#1f75fe,31,117,254
blue_gray,Blue,#69c,102,153,204
blue_green,Green,#0d98ba,13,152,186
blue_munsell,Blue,#0093af,0,147,175
blue_ncs,Blue,#0087bd,0,135,189
blue_pigment,Blue,#339,51,51,153
blue_ryb,Blue,#0247fe,2,71,254
blue_sapphire,Blue,#126180,18,97,128
blue_violet,Violet,#8a2be2,138,43,226
blush,Pink,#de5d83,222,93,131
bole,Brown,#79443b,121,68,59
bondi_blue,Blue,#0095b6,0,149,182
bone,Brown,#e3dac9,227,218,201
boston_university_red,Red,#c00,204,0,0
bottle_green,Green,#006a4e,0,106,78
boysenberry,Violet,#873260,135,50,96
brandeis_blue,Blue,#0070ff,0,112,255
brass,Brown,#b5a642,181,166,66
brick_red,Red,#cb4154,203,65,84
bright_cerulean,Blue,#1dacd6,29,172,214
bright_green,Green,#6f0,102,255,0
bright_lavender,Violet,#bf94e4,191,148,228
bright_maroon,Red,#c32148,195,33,72
bright_pink,Pink,#ff007f,255,0,127
bright_turquoise,Blue,#08e8de,8,232,222
bright_ube,Violet,#d19fe8,209,159,232
brilliant_lavender,Violet,#f4bbff,244,187,255
brilliant_rose,Pink,#ff55a3,255,85,163
brink_pink,Pink,#fb607f,251,96,127
british_racing_green,Green,#004225,0,66,37
bronze,Bronze,#cd7f32,205,127,50
brown_traditional,Brown,#964b00,150,75,0
brown_web,Brown,#a52a2a,165,42,42
bubble_gum,Pink,#ffc1cc,255,193,204
bubbles,Light Blue,#e7feff,231,254,255
buff,Yellowish Brown,#f0dc82,240,220,130
bulgarian_rose,Red,#480607,72,6,7
burgundy,Red,#800020,128,0,32
burlywood,Yellowish Brown,#deb887,222,184,135
burnt_orange,Orange,#c50,204,85,0
burnt_sienna,Reddish Brown,#e97451,233,116,81
burnt_umber,Violet,#8a3324,138,51,36
byzantine,Violet,#bd33a4,189,51,164
byzantium,Blue,#702963,112,41,99
cadet,Blue,#536872,83,104,114
cadet_blue,Blue,#5f9ea0,95,158,160
cadet_grey,Gray,#91a3b0,145,163,176
cadmium_green,Green,#006b3c,0,107,60
cadmium_orange,Orange,#ed872d,237,135,45
cadmium_red,Red,#e30022,227,0,34
cadmium_yellow,Yellow,#fff600,255,246,0
caf_au_lait,Light Brown,#a67b5b,166,123,91
caf_noir,Dark Brown,#4b3621,75,54,33
cal_poly_green,Green,#1e4d2b,30,77,43
cambridge_blue,Blue,#a3c1ad,163,193,173
camel,Camel,#c19a6b,193,154,107
cameo_pink,Pink,#efbbcc,239,187,204
camouflage_green,Green,#78866b,120,134,107
canary_yellow,Yellow,#ffef00,255,239,0
candy_apple_red,Red,#ff0800,255,8,0
candy_pink,Pink,#e4717a,228,113,122
capri,Blue,#00bfff,0,191,255
caput_mortuum,Reddish Brown,#592720,89,39,32
cardinal,Red,#c41e3a,196,30,58
caribbean_green,Green,#0c9,0,204,153
carmine,Red,#960018,150,0,24
carmine_m_p,Red,#d70040,215,0,64
carmine_pink,Pink,#eb4c42,235,76,66
carmine_red,Red,#ff0038,255,0,56
carnation_pink,Pink,#ffa6c9,255,166,201
carnelian,Red,#b31b1b,179,27,27
carolina_blue,Blue,#99badd,153,186,221
carrot_orange,Orange,#ed9121,237,145,33
catalina_blue,Blue,#062a78,6,42,120
ceil,Blue,#92a1cf,146,161,207
celadon,Green,#ace1af,172,225,175
celadon_blue,Blue,#007ba7,0,123,167
celadon_green,Green,#2f847c,47,132,124
celeste_colour,Blue,#b2ffff,178,255,255
celestial_blue,Blue,#4997d0,73,151,208
cerise,Red,#de3163,222,49,99
cerise_pink,Pink,#ec3b83,236,59,131
cerulean,Blue,#007ba7,0,123,167
cerulean_blue,Blue,#2a52be,42,82,190
cerulean_frost,Blue,#6d9bc3,109,155,195
cg_blue,Blue,#007aa5,0,122,165
cg_red,Red,#e03c31,224,60,49
chamoisee,Brownish Yellow,#a0785a,160,120,90
champagne,Yellow,#fad6a5,250,214,165
charcoal,Gray,#36454f,54,69,79
charm_pink,Pink,#e68fac,230,143,172
chartreuse_traditional,Yellow-Green,#dfff00,223,255,0
chartreuse_web,Yellow-Green,#7fff00,127,255,0
cherry,Red,#de3163,222,49,99
cherry_blossom_pink,Pink,#ffb7c5,255,183,197
chestnut,Reddish Brown,#cd5c5c,205,92,92
china_pink,Pink,#de6fa1,222,111,161
china_rose,Red,#a8516e,168,81,110
chinese_red,Red,#aa381e,170,56,30
chocolate_traditional,Dark Brown,#7b3f00,123,63,0
chocolate_web,Dark Brown,#d2691e,210,105,30
chrome_yellow,Yellow,#ffa700,255,167,0
cinereous,Gray,#98817b,152,129,123
cinnabar,Red,#e34234,227,66,52
cinnamon,Brown,#d2691e,210,105,30
citrine,Yellow,#e4d00a,228,208,10
classic_rose,Pink,#fbcce7,251,204,231
cobalt,Blue,#0047ab,0,71,171
cocoa_brown,Dark Brown,#d2691e,210,105,30
coffee,Light Brown,#6f4e37,111,78,55
columbia_blue,Blue,#9bddff,155,221,255
congo_pink,Pink,#f88379,248,131,121
cool_black,Black,#002e63,0,46,99
cool_grey,Gray,#8c92ac,140,146,172
copper,Brown,#b87333,184,115,51
copper_crayola,Brown,#da8a67,218,138,103
copper_penny,Brown,#ad6f69,173,111,105
copper_red,Red,#cb6d51,203,109,81
copper_rose,Pink,#966,153,102,102
coquelicot,Red,#ff3800,255,56,0
coral,Orange,#ff7f50,255,127,80
coral_pink,Pink,#f88379,248,131,121
coral_red,Red,#ff4040,255,64,64
cordovan,Brown,#893f45,137,63,69
corn,Yellow,#fbec5d,251,236,93
cornell_red,Red,#b31b1b,179,27,27
cornflower_blue,Blue,#6495ed,100,149,237
cornsilk,Yellow,#fff8dc,255,248,220
cosmic_latte,Light Brown,#fff8e7,255,248,231
cotton_candy,Pink,#ffbcd9,255,188,217
cream,Light Brown,#fffdd0,255,253,208
crimson,Red,#dc143c,220,20,60
crimson_glory,Red,#be0032,190,0,50
cyan,Blue,#0ff,0,255,255
cyan_process,Blue,#00b7eb,0,183,235
daffodil,Yellow,#ffff31,255,255,49
dandelion,Blue,#f0e130,240,225,48
dark_blue,Dark Brown,#00008b,0,0,139
dark_brown,Dark Brown,#654321,101,67,33
dark_byzantium,Violet,#5d3954,93,57,84
dark_candy_apple_red,Red,#a40000,164,0,0
dark_cerulean,Blue,#08457e,8,69,126
dark_chestnut,Dark Brown,#986960,152,105,96
dark_coral,Red,#cd5b45,205,91,69
dark_cyan,Blue,#008b8b,0,139,139
dark_electric_blue,Blue,#536878,83,104,120
dark_goldenrod,Yellow,#b8860b,184,134,11
dark_gray,Gray,#a9a9a9,169,169,169
dark_green,Green,#013220,1,50,32
dark_imperial_blue,Blue,#00416a,0,65,106
dark_jungle_green,Green,#1a2421,26,36,33
dark_khaki,Light Brown,#bdb76b,189,183,107
dark_lava,Light Brown,#483c32,72,60,50
dark_lavender,Violet,#734f96,115,79,150
dark_magenta,Violet,#8b008b,139,0,139
dark_midnight_blue,Blue,#036,0,51,102
dark_olive_green,Green,#556b2f,85,107,47
dark_orange,Orange,#ff8c00,255,140,0
dark_orchid,Violet,#9932cc,153,50,204
dark_pastel_blue,Blue,#779ecb,119,158,203
dark_pastel_green,Green,#03c03c,3,192,60
dark_pastel_purple,Violet,#966fd6,150,111,214
dark_pastel_red,Red,#c23b22,194,59,34
dark_pink,Pink,#e75480,231,84,128
dark_powder_blue,Blue,#039,0,51,153
dark_raspberry,Violet,#872657,135,38,87
dark_red,Red,#8b0000,139,0,0
dark_salmon,Orange,#e9967a,233,150,122
dark_scarlet,Red,#560319,86,3,25
dark_sea_green,Green,#8fbc8f,143,188,143
dark_sienna,Brown,#3c1414,60,20,20
dark_slate_blue,Blue,#483d8b,72,61,139
dark_slate_gray,Gray,#2f4f4f,47,79,79
dark_spring_green,Green,#177245,23,114,69
dark_tan,Brown,#918151,145,129,81
dark_tangerine,Orange,#ffa812,255,168,18
dark_taupe,Light Brown,#483c32,72,60,50
dark_terra_cotta,Orange,#cc4e5c,204,78,92
dark_turquoise,Blue,#00ced1,0,206,209
dark_violet,Violet,#9400d3,148,0,211
dark_yellow,Yellow,#9b870c,155,135,12
dartmouth_green,Green,#00703c,0,112,60
davy_s_grey,Gray,#555,85,85,85
debian_red,Red,#d70a53,215,10,83
deep_carmine,Red,#a9203e,169,32,62
deep_carmine_pink,Pink,#ef3038,239,48,56
deep_carrot_orange,Orange,#e9692c,233,105,44
deep_cerise,Red,#da3287,218,50,135
deep_champagne,Light Brown,#fad6a5,250,214,165
deep_chestnut,Dark Brown,#b94e48,185,78,72
deep_coffee,Violet,#704241,112,66,65
deep_fuchsia,Green,#c154c1,193,84,193
deep_jungle_green,Violet,#004b49,0,75,73
deep_lilac,Magenta,#95b,153,85,187
deep_magenta,Magenta,#c0c,204,0,204
deep_peach,Orange,#ffcba4,255,203,164
deep_pink,Pink,#ff1493,255,20,147
deep_ruby,Red,#843f5b,132,63,91
deep_saffron,Yellow,#f93,255,153,51
deep_sky_blue,Blue,#00bfff,0,191,255
deep_tuscan_red,Red,#66424d,102,66,77
denim,Blue,#1560bd,21,96,189
desert,Brownish Yellow,#c19a6b,193,154,107
desert_sand,Light Brown,#edc9af,237,201,175
dim_gray,Gray,#696969,105,105,105
dodger_blue,Blue,#1e90ff,30,144,255
dogwood_rose,Pink,#d71868,215,24,104
dollar_bill,Green,#85bb65,133,187,101
drab,Brown,#967117,150,113,23
duke_blue,Blue,#00009c,0,0,156
earth_yellow,Yellow,#e1a95f,225,169,95
ebony,Dark Brown,#555d50,85,93,80
ecru,Light Brown,#c2b280,194,178,128
eggplant,Violet,#614051,97,64,81
eggshell,White,#f0ead6,240,234,214
egyptian_blue,Blue,#1034a6,16,52,166
electric_blue,Blue,#7df9ff,125,249,255
electric_crimson,Red,#ff003f,255,0,63
electric_cyan,Cyan,#0ff,0,255,255
electric_green,Green,#0f0,0,255,0
electric_indigo,Blue,#6f00ff,111,0,255
electric_lavender,Violet,#f4bbff,244,187,255
electric_lime,Green,#cf0,204,255,0
electric_purple,Violet,#bf00ff,191,0,255
electric_ultramarine,Blue,#3f00ff,63,0,255
electric_violet,Violet,#8f00ff,143,0,255
electric_yellow,Yellow,#ff0,255,255,0
emerald,Green,#50c878,80,200,120
english_lavender,Violet,#b48395,180,131,149
eton_blue,Blue,#96c8a2,150,200,162
fallow,Light Brown,#c19a6b,193,154,107
falu_red,Red,#801818,128,24,24
fandango,Pink,#b53389,181,51,137
fashion_fuchsia,Pink,#f400a1,244,0,161
fawn,Light Brown,#e5aa70,229,170,112
feldgrau,Green,#4d5d53,77,93,83
fern_green,Green,#4f7942,79,121,66
ferrari_red,Red,#ff2800,255,40,0
field_drab,Green,#6c541e,108,84,30
fire_engine_red,Red,#ce2029,206,32,41
firebrick,Red,#b22222,178,34,34
flame,Orange,#e25822,226,88,34
flamingo_pink,Pink,#fc8eac,252,142,172
flavescent,Yellow,#f7e98e,247,233,142
flax,Light Brown,#eedc82,238,220,130
floral_white,White,#fffaf0,255,250,240
fluorescent_orange,Orange,#ffbf00,255,191,0
fluorescent_pink,Pink,#ff1493,255,20,147
fluorescent_yellow,Yellow,#cf0,204,255,0
folly,Pink,#ff004f,255,0,79
forest_green_traditional,Green,#014421,1,68,33
forest_green_web,Green,#228b22,34,139,34
french_beige,Light Brown,#a67b5b,166,123,91
french_blue,Blue,#0072bb,0,114,187
french_lilac,Violet,#86608e,134,96,142
french_lime,Green,#cf0,204,255,0
french_raspberry,Red,#c72c48,199,44,72
french_rose,Pink,#f64a8a,246,74,138
fuchsia,Pink,#f0f,255,0,255
fuchsia_crayola,Pink,#c154c1,193,84,193
fuchsia_pink,Pink,#f7f,255,119,255
fuchsia_rose,Pink,#c74375,199,67,117
fulvous,Orange,#e48400,228,132,0
fuzzy_wuzzy,Brown,#c66,204,102,102
gainsboro,Gray,#dcdcdc,220,220,220
gamboge,Yellow,#e49b0f,228,155,15
ghost_white,White,#f8f8ff,248,248,255
ginger,Light Brown,#b06500,176,101,0
glaucous,Blue,#6082b6,96,130,182
glitter,Gray,#e6e8fa,230,232,250
gold_metallic,Yellow,#d4af37,212,175,55
gold_web_golden,Yellow,#ffd700,255,215,0
golden_brown,Brown,#996515,153,101,21
golden_poppy,Yellow,#fcc200,252,194,0
golden_yellow,Yellow,#ffdf00,255,223,0
goldenrod,Yellow,#daa520,218,165,32
granny_smith_apple,Green,#a8e4a0,168,228,160
gray,Gray,#808080,128,128,128
gray_asparagus,Gray,#465945,70,89,69
gray_html_css_gray,Gray,#808080,128,128,128
gray_x11_gray,Gray,#bebebe,190,190,190
green_color_wheel_x11_green,Green,#0f0,0,255,0
green_crayola,Green,#1cac78,28,172,120
green_html_css_green,Green,#008000,0,128,0
green_munsell,Green,#00a877,0,168,119
green_ncs,Green,#009f6b,0,159,107
green_pigment,Green,#00a550,0,165,80
green_ryb,Green,#66b032,102,176,50
green_yellow,Yellow Green,#adff2f,173,255,47
grullo,Light Brown,#a99a86,169,154,134
guppie_green,Green,#00ff7f,0,255,127
halay_be,Violet,#663854,102,56,84
han_blue,Blue,#446ccf,68,108,207
han_purple,Violet,#5218fa,82,24,250
hansa_yellow,Yellow,#e9d66b,233,214,107
harlequin,Green,#3fff00,63,255,0
harvard_crimson,Red,#c90016,201,0,22
harvest_gold,Yellow,#da9100,218,145,0
heart_gold,Yellow,#808000,128,128,0
heliotrope,Violet,#df73ff,223,115,255
hollywood_cerise,Pink,#f400a1,244,0,161
honeydew,White,#f0fff0,240,255,240
honolulu_blue,Blue,#007fbf,0,127,191
hooker_s_green,Green,#49796b,73,121,107
hot_magenta,Pink,#ff1dce,255,29,206
hot_pink,Pink,#ff69b4,255,105,180
hunter_green,Green,#355e3b,53,94,59
iceberg,Blue,#71a6d2,113,166,210
icterine,Yellow,#fcf75e,252,247,94
imperial_blue,Blue,#002395,0,35,149
inchworm,Green,#b2ec5d,178,236,93
india_green,Green,#138808,19,136,8
indian_red,Red,#cd5c5c,205,92,92
indian_yellow,Yellow,#e3a857,227,168,87
indigo,Violet,#6f00ff,111,0,255
indigo_dye,Violet,#00416a,0,65,106
indigo_web,Violet,#4b0082,75,0,130
international_klein_blue,Blue,#002fa7,0,47,167
international_orange_aerospace,Orange,#ff4f00,255,79,0
international_orange_engineering,Orange,#ba160c,186,22,12
international_orange_golden_gate_bridge,Orange,#c0362c,192,54,44
iris,Violet,#5a4fcf,90,79,207
isabelline,Light Brown,#f4f0ec,244,240,236
islamic_green,Green,#009000,0,144,0
ivory,White,#fffff0,255,255,240
jade,Green,#00a86b,0,168,107
jasmine,Yellow,#f8de7e,248,222,126
jasper,Red,#d73b3e,215,59,62
jazzberry_jam,Pink,#a50b5e,165,11,94
jet,Black,#343434,52,52,52
jonquil,Yellow,#fada5e,250,218,94
june_bud,Green,#bdda57,189,218,87
jungle_green,Green,#29ab87,41,171,135
kelly_green,Green,#4cbb17,76,187,23
kenyan_copper,Red,#7c1c05,124,28,5
khaki_html_css_khaki,Light Brown,#c3b091,195,176,145
khaki_x11_light_khaki,Light Brown,#f0e68c,240,230,140
ku_crimson,Red,#e8000d,232,0,13
la_salle_green,Green,#087830,8,120,48
languid_lavender,Violet,#d6cadd,214,202,221
lapis_lazuli,Blue,#26619c,38,97,156
laser_lemon,Yellow,#fefe22,254,254,34
laurel_green,Green,#a9ba9d,169,186,157
lava,Red,#cf1020,207,16,32
lavender_blue,Blue,#ccf,204,204,255
lavender_blush,Pink,#fff0f5,255,240,245
lavender_floral,Violet,#b57edc,181,126,220
lavender_gray,Gray,#c4c3d0,196,195,208
lavender_indigo,Violet,#9457eb,148,87,235
lavender_magenta,Violet,#ee82ee,238,130,238
lavender_mist,Violet,#e6e6fa,230,230,250
lavender_pink,Pink,#fbaed2,251,174,210
lavender_purple,Violet,#967bb6,150,123,182
lavender_rose,Pink,#fba0e3,251,160,227
lavender_web,Violet,#e6e6fa,230,230,250
lawn_green,Green,#7cfc00,124,252,0
lemon,Yellow,#fff700,255,247,0
lemon_chiffon,Yellow,#fffacd,255,250,205
lemon_lime,Green,#e3ff00,227,255,0
licorice,Black,#1a1110,26,17,16
light_apricot,Orange,#fdd5b1,253,213,177
light_blue,Blue,#add8e6,173,216,230
light_brown,Brown,#b5651d,181,101,29
light_carmine_pink,Pink,#e66771,230,103,113
light_coral,Orange,#f08080,240,128,128
light_cornflower_blue,Blue,#93ccea,147,204,234
light_crimson,Red,#f56991,245,105,145
light_cyan,Blue,#e0ffff,224,255,255
light_fuchsia_pink,Pink,#f984ef,249,132,239
light_goldenrod_yellow,Yellow,#fafad2,250,250,210
light_gray,Gray,#d3d3d3,211,211,211
light_green,Green,#90ee90,144,238,144
light_khaki,Light Brown,#f0e68c,240,230,140
light_pastel_purple,Violet,#b19cd9,177,156,217
light_pink,Pink,#ffb6c1,255,182,193
light_red_ochre,Red,#e97451,233,116,81
light_salmon,Orange,#ffa07a,255,160,122
light_salmon_pink,Pink,#f99,255,153,153
light_sea_green,Green,#20b2aa,32,178,170
light_sky_blue,Blue,#87cefa,135,206,250
light_slate_gray,Gray,#789,119,136,153
light_taupe,Gray,#b38b6d,179,139,109
light_thulian_pink,Pink,#e68fac,230,143,172
light_yellow,Yellow,#ffffe0,255,255,224
lilac,Violet,#c8a2c8,200,162,200
lime_color_wheel,Green,#bfff00,191,255,0
lime_green,Green,#32cd32,50,205,50
lime_web_x11_green,Green,#0f0,0,255,0
limerick,Green,#9dc209,157,194,9
lincoln_green,Green,#195905,25,89,5
linen,Light Brown,#faf0e6,250,240,230
lion,Dark Brown,#c19a6b,193,154,107
little_boy_blue,Blue,#6ca0dc,108,160,220
liver,Brown,#534b4f,83,75,79
lust,Red,#e62020,230,32,32
magenta,Violet,#f0f,255,0,255
magenta_dye,Violet,#ca1f7b,202,31,123
magenta_process,Violet,#ff0090,255,0,144
magic_mint,Green,#aaf0d1,170,240,209
magnolia,White,#f8f4ff,248,244,255
mahogany,Red,#c04000,192,64,0
maize,Yellow,#fbec5d,251,236,93
majorelle_blue,Blue,#6050dc,96,80,220
malachite,Green,#0bda51,11,218,81
manatee,Gray,#979aaa,151,154,170
mango_tango,Orange,#ff8243,255,130,67
mantis,Green,#74c365,116,195,101
mardi_gras,Violet,#880085,136,0,133
maroon_crayola,Red,#c32148,195,33,72
maroon_html_css,Red,#800000,128,0,0
maroon_x11,Red,#b03060,176,48,96
mauve,Violet,#e0b0ff,224,176,255
mauve_taupe,Light brown,#915f6d,145,95,109
mauvelous,Pink,#ef98aa,239,152,170
maya_blue,Blue,#73c2fb,115,194,251
meat_brown,Brown,#e5b73b,229,183,59
medium_aquamarine,Green,#6da,102,221,170
medium_blue,Blue,#0000cd,0,0,205
medium_candy_apple_red,Red,#e2062c,226,6,44
medium_carmine,Red,#af4035,175,64,53
medium_champagne,Light Brown,#f3e5ab,243,229,171
medium_electric_blue,Blue,#035096,3,80,150
medium_jungle_green,Green,#1c352d,28,53,45
medium_lavender_magenta,Violet,#dda0dd,221,160,221
medium_orchid,Violet,#ba55d3,186,85,211
medium_persian_blue,Blue,#0067a5,0,103,165
medium_purple,Violet,#9370db,147,112,219
medium_red_violet,Violet,#bb3385,187,51,133
medium_ruby,Red,#aa4069,170,64,105
medium_sea_green,Green,#3cb371,60,179,113
medium_slate_blue,Blue,#7b68ee,123,104,238
medium_spring_bud,Green,#c9dc87,201,220,135
medium_spring_green,Green,#00fa9a,0,250,154
medium_taupe,Brown,#674c47,103,76,71
medium_turquoise,Blue,#48d1cc,72,209,204
medium_tuscan_red,Red,#79443b,121,68,59
medium_vermilion,Orange,#d9603b,217,96,59
medium_violet_red,Red,#c71585,199,21,133
mellow_apricot,Orange,#f8b878,248,184,120
mellow_yellow,Yellow,#f8de7e,248,222,126
melon,Orange,#fdbcb4,253,188,180
midnight_blue,Blue,#191970,25,25,112
midnight_green_eagle_green,Green,#004953,0,73,83
mikado_yellow,Yellow,#ffc40c,255,196,12
mint,Green,#3eb489,62,180,137
mint_cream,White,#f5fffa,245,255,250
mint_green,Green,#98ff98,152,255,152
misty_rose,Pink,#ffe4e1,255,228,225
moccasin,Yellow,#faebd7,250,235,215
mode_beige,Light Brown,#967117,150,113,23
moonstone_blue,Blue,#73a9c2,115,169,194
mordant_red_19,Red,#ae0c00,174,12,0
moss_green,Green,#addfad,173,223,173
mountain_meadow,Green,#30ba8f,48,186,143
mountbatten_pink,Pink,#997a8d,153,122,141
msu_green,Green,#18453b,24,69,59
mulberry,Violet,#c54b8c,197,75,140
mustard,Yellow,#ffdb58,255,219,88
myrtle,Green,#21421e,33,66,30
nadeshiko_pink,Pink,#f6adc6,246,173,198
napier_green,Green,#2a8000,42,128,0
naples_yellow,Yellow,#fada5e,250,218,94
navajo_white,Yellow,#ffdead,255,222,173
navy_blue,Blue,#000080,0,0,128
neon_carrot,Orange,#ffa343,255,163,67
neon_fuchsia,Pink,#fe4164,254,65,100
neon_green,Green,#39ff14,57,255,20
new_york_pink,Pink,#d7837f,215,131,127
non_photo_blue,Blue,#a4dded,164,221,237
north_texas_green,Green,#059033,5,144,51
ocean_boat_blue,Blue,#0077be,0,119,190
ochre,Yellow,#c72,204,119,34
office_green,Green,#008000,0,128,0
old_gold,Yellow,#cfb53b,207,181,59
old_lace,White,#fdf5e6,253,245,230
old_lavender,Violet,#796878,121,104,120
old_mauve,Violet,#673147,103,49,71
old_rose,Pink,#c08081,192,128,129
olive,Green,#808000,128,128,0
olive_drab_7,Green,#3c341f,60,52,31
olive_drab_web_olive_drab_3,Green,#6b8e23,107,142,35
olivine,Green,#9ab973,154,185,115
onyx,Black,#353839,53,56,57
opera_mauve,Violet,#b784a7,183,132,167
orange_color_wheel,Orange,#ff7f00,255,127,0
orange_peel,Orange,#ff9f00,255,159,0
orange_red,Red,#ff4500,255,69,0
orange_ryb,Orange,#fb9902,251,153,2
orange_web_color,Orange,#ffa500,255,165,0
orchid,Violet,#da70d6,218,112,214
otter_brown,Brown,#654321,101,67,33
ou_crimson_red,Red,#900,153,0,0
outer_space,Gray,#414a4c,65,74,76
outrageous_orange,Orange,#ff6e4a,255,110,74
oxford_blue,Blue,#002147,0,33,71
pakistan_green,Green,#060,0,102,0
palatinate_blue,Blue,#273be2,39,59,226
palatinate_purple,Violet,#682860,104,40,96
pale_aqua,Blue,#bcd4e6,188,212,230
pale_blue,Blue,#afeeee,175,238,238
pale_brown,Light Brown,#987654,152,118,84
pale_carmine,Red,#af4035,175,64,53
pale_cerulean,Blue,#9bc4e2,155,196,226
pale_chestnut,Red,#ddadaf,221,173,175
pale_copper,Orange,#da8a67,218,138,103
pale_cornflower_blue,Blue,#abcdef,171,205,239
pale_gold,Yellow,#e6be8a,230,190,138
pale_goldenrod,Yellow,#eee8aa,238,232,170
pale_green,Green,#98fb98,152,251,152
pale_lavender,Violet,#dcd0ff,220,208,255
pale_magenta,Violet,#f984e5,249,132,229
pale_pink,Pink,#fadadd,250,218,221
pale_plum,Violet,#dda0dd,221,160,221
pale_red_violet,Violet,#db7093,219,112,147
pale_robin_egg_blue,Blue,#96ded1,150,222,209
pale_silver,Gray,#c9c0bb,201,192,187
pale_spring_bud,Green,#ecebbd,236,235,189
pale_taupe,Light Brown,#bc987e,188,152,126
pale_violet_red,Pink,#db7093,219,112,147
pansy_purple,Violet,#78184a,120,24,74
papaya_whip,Yellow,#ffefd5,255,239,213
paris_green,Green,#50c878,80,200,120
pastel_blue,Blue,#aec6cf,174,198,207
pastel_brown,Light Brown,#836953,131,105,83
pastel_gray,Gray,#cfcfc4,207,207,196
pastel_green,Green,#7d7,119,221,119
pastel_magenta,Violet,#f49ac2,244,154,194
pastel_orange,Orange,#ffb347,255,179,71
pastel_pink,Pink,#dea5a4,222,165,164
pastel_purple,Violet,#b39eb5,179,158,181
pastel_red,Red,#ff6961,255,105,97
pastel_violet,Violet,#cb99c9,203,153,201
pastel_yellow,Yellow,#fdfd96,253,253,150
patriarch,Violet,#800080,128,0,128
payne_s_grey,Gray,#536878,83,104,120
peach,Orange,#ffe5b4,255,229,180
peach_crayola,Orange,#ffcba4,255,203,164
peach_orange,Orange,#fc9,255,204,153
peach_puff,Orange,#ffdab9,255,218,185
peach_yellow,Yellow,#fadfad,250,223,173
pear,Green,#d1e231,209,226,49
pearl,White,#eae0c8,234,224,200
pearl_aqua,Blue,#88d8c0,136,216,192
pearly_purple,Violet,#b768a2,183,104,162
peridot,Green,#e6e200,230,226,0
periwinkle,Blue,#ccf,204,204,255
persian_blue,Blue,#1c39bb,28,57,187
persian_green,Green,#00a693,0,166,147
persian_indigo,Violet,#32127a,50,18,122
persian_orange,Orange,#d99058,217,144,88
persian_pink,Pink,#f77fbe,247,127,190
persian_plum,Violet,#701c1c,112,28,28
persian_red,Red,#c33,204,51,51
persian_rose,Pink,#fe28a2,254,40,162
persimmon,Orange,#ec5800,236,88,0
peru,Brown,#cd853f,205,133,63
phlox,Violet,#df00ff,223,0,255
phthalo_blue,Blue,#000f89,0,15,137
phthalo_green,Green,#123524,18,53,36
piggy_pink,Pink,#fddde6,253,221,230
pine_green,Green,#01796f,1,121,111
pink,Pink,#ffc0cb,255,192,203
pink_lace,Pink,#ffddf4,255,221,244
pink_orange,Orange,#f96,255,153,102
pink_pearl,Pink,#e7accf,231,172,207
pink_sherbet,Pink,#f78fa7,247,143,167
pistachio,Green,#93c572,147,197,114
platinum,Gray,#e5e4e2,229,228,226
plum_traditional,Violet,#8e4585,142,69,133
plum_web,Violet,#dda0dd,221,160,221
portland_orange,Orange,#ff5a36,255,90,54
powder_blue_web,Blue,#b0e0e6,176,224,230
princeton_orange,Orange,#ff8f00,255,143,0
prune,Violet,#701c1c,112,28,28
prussian_blue,Blue,#003153,0,49,83
psychedelic_purple,Violet,#df00ff,223,0,255
puce,Violet,#c89,204,136,153
pumpkin,Orange,#ff7518,255,117,24
purple_heart,Violet,#69359c,105,53,156
purple_html_css,Violet,#800080,128,0,128
purple_mountain_majesty,Violet,#9678b6,150,120,182
purple_munsell,Violet,#9f00c5,159,0,197
purple_pizzazz,Violet,#fe4eda,254,78,218
purple_taupe,Violet,#50404d,80,64,77
purple_x11,Violet,#a020f0,160,32,240
quartz,Gray,#51484f,81,72,79
rackley,Blue,#5d8aa8,93,138,168
radical_red,Red,#ff355e,255,53,94
rajah,Orange,#fbab60,251,171,96
raspberry,Red,#e30b5d,227,11,93
raspberry_glace,Red,#915f6d,145,95,109
raspberry_pink,Pink,#e25098,226,80,152
raspberry_rose,Pink,#b3446c,179,68,108
raw_umber,Dark Brown,#826644,130,102,68
razzle_dazzle_rose,Pink,#f3c,255,51,204
razzmatazz,Pink,#e3256b,227,37,107
red,Red,#f00,255,0,0
red_brown,Red,#a52a2a,165,42,42
red_devil,Red,#860111,134,1,17
red_munsell,Red,#f2003c,242,0,60
red_ncs,Red,#c40233,196,2,51
red_orange,Orange,#ff5349,255,83,73
red_pigment,Red,#ed1c24,237,28,36
red_ryb,Red,#fe2712,254,39,18
red_violet,Violet,#c71585,199,21,133
redwood,Red,#ab4e52,171,78,82
regalia,Violet,#522d80,82,45,128
resolution_blue,Blue,#002387,0,35,135
rich_black,Violet,#004040,0,64,64
rich_brilliant_lavender,Violet,#f1a7fe,241,167,254
rich_carmine,Red,#d70040,215,0,64
rich_electric_blue,Blue,#0892d0,8,146,208
rich_lavender,Violet,#a76bcf,167,107,207
rich_lilac,Violet,#b666d2,182,102,210
rich_maroon,Red,#b03060,176,48,96
rifle_green,Green,#414833,65,72,51
robin_egg_blue,Blue,#0cc,0,204,204
rose,Pink,#ff007f,255,0,127
rose_bonbon,Pink,#f9429e,249,66,158
rose_ebony,Brown,#674846,103,72,70
rose_gold,Pink,#b76e79,183,110,121
rose_madder,Red,#e32636,227,38,54
rose_pink,Pink,#f6c,255,102,204
rose_quartz,Pink,#aa98a9,170,152,169
rose_taupe,Brown,#905d5d,144,93,93
rose_vale,Red,#ab4e52,171,78,82
rosewood,Brown,#65000b,101,0,11
rosso_corsa,Red,#d40000,212,0,0
rosy_brown,Brown,#bc8f8f,188,143,143
royal_azure,Blue,#0038a8,0,56,168
royal_blue_traditional,Blue,#002366,0,35,102
royal_blue_web,Blue,#4169e1,65,105,225
royal_fuchsia,Violet,#ca2c92,202,44,146
royal_purple,Violet,#7851a9,120,81,169
royal_yellow,Yellow,#fada5e,250,218,94
rubine_red,Red,#d10056,209,0,86
ruby,Red,#e0115f,224,17,95
ruby_red,Red,#9b111e,155,17,30
ruddy,Rd,#ff0028,255,0,40
ruddy_brown,Brown,#bb6528,187,101,40
ruddy_pink,Pink,#e18e96,225,142,150
rufous,Brown,#a81c07,168,28,7
russet,Brown,#80461b,128,70,27
rust,Brown,#b7410e,183,65,14
rusty_red,Red,#da2c43,218,44,67
sacramento_state_green,Green,#00563f,0,86,63
saddle_brown,Brown,#8b4513,139,69,19
safety_orange_blaze_orange,Orange,#ff6700,255,103,0
saffron,Yellow,#f4c430,244,196,48
salmon,Pink,#ff8c69,255,140,105
salmon_pink,Pink,#ff91a4,255,145,164
sand,Brown,#c2b280,194,178,128
sand_dune,Brown,#967117,150,113,23
sandstorm,Yellow,#ecd540,236,213,64
sandy_brown,Brown,#f4a460,244,164,96
sandy_taupe,Brown,#967117,150,113,23
sangria,Red,#92000a,146,0,10
sap_green,Green,#507d2a,80,125,42
sapphire,Blue,#0f52ba,15,82,186
sapphire_blue,Blue,#0067a5,0,103,165
satin_sheen_gold,Yellow,#cba135,203,161,53
scarlet,Red,#ff2400,255,36,0
scarlet_crayola,Red,#fd0e35,253,14,53
school_bus_yellow,Yellow,#ffd800,255,216,0
screamin_green,Green,#76ff7a,118,255,122
sea_blue,Blue,#006994,0,105,148
sea_green,Green,#2e8b57,46,139,87
seal_brown,Brown,#321414,50,20,20
seashell,White,#fff5ee,255,245,238
selective_yellow,Yellow,#ffba00,255,186,0
sepia,Brown,#704214,112,66,20
shadow,Black,#8a795d,138,121,93
shamrock_green,Green,#009e60,0,158,96
shocking_pink,Pink,#fc0fc0,252,15,192
shocking_pink_crayola,Pink,#ff6fff,255,111,255
sienna,Brown,#882d17,136,45,23
silver,Gray,#c0c0c0,192,192,192
sinopia,Red,#cb410b,203,65,11
skobeloff,Blue,#007474,0,116,116
sky_blue,Blue,#87ceeb,135,206,235
sky_magenta,Pink,#cf71af,207,113,175
slate_blue,Blue,#6a5acd,106,90,205
slate_gray,Gray,#708090,112,128,144
smalt_dark_powder_blue,Blue,#039,0,51,153
smokey_topaz,Orage,#933d41,147,61,65
smoky_black,Black,#100c08,16,12,8
snow,White,#fffafa,255,250,250
spiro_disco_ball,Blue,#0fc0fc,15,192,252
spring_bud,Green,#a7fc00,167,252,0
spring_green,Green,#00ff7f,0,255,127
st_patrick_s_blue,Blue,#23297a,35,41,122
steel_blue,Blue,#4682b4,70,130,180
stil_de_grain_yellow,Yellow,#fada5e,250,218,94
stizza,Red,#900,153,0,0
stormcloud,Gray,#4f666a,79,102,106
straw,Yellow,#e4d96f,228,217,111
sunglow,Yellow,#fc3,255,204,51
sunset,Orange,#fad6a5,250,214,165
tan,Brown,#d2b48c,210,180,140
tangelo,Orange,#f94d00,249,77,0
tangerine,Orange,#f28500,242,133,0
tangerine_yellow,Yellow,#fc0,255,204,0
tango_pink,Pik,#e4717a,228,113,122
taupe,Brown,#483c32,72,60,50
taupe_gray,Pink,#8b8589,139,133,137
tea_green,Green,#d0f0c0,208,240,192
tea_rose_orange,Orange,#f88379,248,131,121
tea_rose_rose,Pink,#f4c2c2,244,194,194
teal,Green,#008080,0,128,128
teal_blue,Blue,#367588,54,117,136
teal_green,Green,#00827f,0,130,127
telemagenta,Pink,#cf3476,207,52,118
tenn_tawny,Orange,#cd5700,205,87,0
terra_cotta,Red,#e2725b,226,114,91
thistle,Violet,#d8bfd8,216,191,216
thulian_pink,Pink,#de6fa1,222,111,161
tickle_me_pink,Pink,#fc89ac,252,137,172
tiffany_blue,Blue,#0abab5,10,186,181
tiger_s_eye,Yellow,#e08d3c,224,141,60
timberwolf,Gray,#dbd7d2,219,215,210
titanium_yellow,Yellow,#eee600,238,230,0
tomato,Red,#ff6347,255,99,71
toolbox,Red,#746cc0,116,108,192
topaz,Yellow,#ffc87c,255,200,124
tractor_red,Red,#fd0e35,253,14,53
trolley_grey,Gray,#808080,128,128,128
tropical_rain_forest,Green,#00755e,0,117,94
true_blue,Blue,#0073cf,0,115,207
tufts_blue,Blue,#417dc1,65,125,193
tumbleweed,Orange,#deaa88,222,170,136
turkish_rose,Pink,#b57281,181,114,129
turquoise,Green,#30d5c8,48,213,200
turquoise_blue,Blue,#00ffef,0,255,239
turquoise_green,Green,#a0d6b4,160,214,180
tuscan_red,Red,#7c4848,124,72,72
twilight_lavender,Violet,#8a496b,138,73,107
tyrian_purple,Violet,#66023c,102,2,60
ua_blue,Blue,#03a,0,51,170
ua_red,Red,#d9004c,217,0,76
ube,Violet,#8878c3,136,120,195
ucla_blue,Blue,#536895,83,104,149
ucla_gold,Yellow,#ffb300,255,179,0
ufo_green,Green,#3cd070,60,208,112
ultra_pink,Pink,#ff6fff,255,111,255
ultramarine,Blue,#120a8f,18,10,143
ultramarine_blue,Blue,#4166f5,65,102,245
umber,Brown,#635147,99,81,71
unbleached_silk,Yellow,#ffddca,255,221,202
united_nations_blue,Blue,#5b92e5,91,146,229
university_of_california_gold,Yellow,#b78727,183,135,39
unmellow_yellow,Yellow,#ff6,255,255,102
up_forest_green,Green,#014421,1,68,33
up_maroon,Red,#7b1113,123,17,19
upsdell_red,Red,#ae2029,174,32,41
urobilin,Yellow,#e1ad21,225,173,33
usafa_blue,Blue,#004f98,0,79,152
usc_cardinal,Red,#900,153,0,0
usc_gold,Yellow,#fc0,255,204,0
utah_crimson,Red,#d3003f,211,0,63
vanilla,Yellow,#f3e5ab,243,229,171
vegas_gold,Yellow,#c5b358,197,179,88
venetian_red,Red,#c80815,200,8,21
verdigris,Green,#43b3ae,67,179,174
vermilion_cinnabar,Red,#e34234,227,66,52
vermilion_plochere,Red,#d9603b,217,96,59
veronica,Violet,#a020f0,160,32,240
violet,Violet,#8f00ff,143,0,255
violet_blue,Violet,#324ab2,50,74,178
violet_color_wheel,Violet,#7f00ff,127,0,255
violet_ryb,Violet,#8601af,134,1,175
violet_web,Violet,#ee82ee,238,130,238
viridian,Green,#40826d,64,130,109
vivid_auburn,Red,#922724,146,39,36
vivid_burgundy,Red,#9f1d35,159,29,53
vivid_cerise,Pink,#da1d81,218,29,129
vivid_tangerine,Orange,#ffa089,255,160,137
vivid_violet,Violet,#9f00ff,159,0,255
warm_black,Black,#004242,0,66,66
waterspout,Blue,#a4f4f9,164,244,249
wenge,Brown,#645452,100,84,82
wheat,Yellow,#f5deb3,245,222,179
white,White,#fff,255,255,255
white_smoke,Gray,#f5f5f5,245,245,245
wild_blue_yonder,Blue,#a2add0,162,173,208
wild_strawberry,Red,#ff43a4,255,67,164
wild_watermelon,Pink,#fc6c85,252,108,133
wine,Red,#722f37,114,47,55
wine_dregs,Red,#673147,103,49,71
wisteria,Violet,#c9a0dc,201,160,220
wood_brown,Brown,#c19a6b,193,154,107
xanadu,Green,#738678,115,134,120
yale_blue,Blue,#0f4d92,15,77,146
yellow,Yellow,#ff0,255,255,0
yellow_green,Yellow-Green,#9acd32,154,205,50
yellow_munsell,Yellow,#efcc00,239,204,0
yellow_ncs,Yellow,#ffd300,255,211,0
yellow_orange,Orange,#ffae42,255,174,66
yellow_process,Yellow,#ffef00,255,239,0
yellow_ryb,Yellow,#fefe33,254,254,51
zaffre,Blue,#0014a8,0,20,168
zinnwaldite_brown,Dark Brown,#2c1608,44,22,8
